{"cameraMode":{"drawMode":0,"name":"Shaded","section":"Shading Mode"},"sceneLighting":true,"audioPlay":false,"sceneViewState":{"m_AlwaysRefresh":false,"showFog":true,"showSkybox":true,"showFlares":true,"showImageEffects":true,"showParticleSystems":true,"showVisualEffectGraphs":true,"m_FxEnabled":true},"in2DMode":false,"pivot":{"x":1.7215768098831177,"y":0.07482562959194184,"z":-0.9889525771141052},"rotation":{"x":0.003061569994315505,"y":0.9964354038238525,"z":0.07337017357349396,"w":-0.04157944768667221},"size":1.950679063796997,"orthographic":true}