{"cameraMode":{"drawMode":0,"name":"Shaded","section":"Shading Mode"},"sceneLighting":true,"audioPlay":false,"sceneViewState":{"m_AlwaysRefresh":false,"showFog":true,"showSkybox":true,"showFlares":true,"showImageEffects":true,"showParticleSystems":true,"showVisualEffectGraphs":true,"m_FxEnabled":true},"in2DMode":false,"pivot":{"x":5.605535984039307,"y":0.0903778150677681,"z":-12.207910537719727},"rotation":{"x":0.022039299830794336,"y":0.3006063401699066,"z":0.006925733294337988,"w":-0.9534968137741089},"size":1.5175509452819825,"orthographic":true}