{"cameraMode":{"drawMode":0,"name":"Shaded","section":"Shading Mode"},"sceneLighting":true,"audioPlay":false,"sceneViewState":{"m_AlwaysRefresh":false,"showFog":true,"showSkybox":true,"showFlares":true,"showImageEffects":true,"showParticleSystems":true,"showVisualEffectGraphs":true,"m_FxEnabled":true},"in2DMode":false,"pivot":{"x":1.7215768098831177,"y":0.07482562959194184,"z":-0.9889525771141052},"rotation":{"x":0.7093971371650696,"y":-0.0744849443435669,"z":0.07583776861429215,"w":0.6967424154281616},"size":462.124755859375,"orthographic":true}