{"cameraMode":{"drawMode":0,"name":"Shaded","section":"Shading Mode"},"sceneLighting":true,"audioPlay":false,"sceneViewState":{"m_AlwaysRefresh":false,"showFog":true,"showSkybox":true,"showFlares":true,"showImageEffects":true,"showParticleSystems":true,"showVisualEffectGraphs":true,"m_FxEnabled":true},"in2DMode":false,"pivot":{"x":574.11962890625,"y":209.3743438720703,"z":13.59775161743164},"rotation":{"x":-0.06235496327280998,"y":0.008390919305384159,"z":-0.0005286721279844642,"w":-0.9980190396308899},"size":333.2547912597656,"orthographic":true}